,Andrena,Apis melifera,Bombus terrestris,Bombyliidae,Camponotus aetiops,Ceratina curcubitina,Colletes,Dasytidae,Diptera,Halictus,Halictus gemmeus,Halictus pyrenaicus,Hylaeus,Mordella bipunctata,Mordellistena pumila,Myrabilis quadripunctata,Oedemera barbara,Oedemera lurida,Papilion machaon,Syrphidae,Tachinidae,Trichodes apiarius,Vanesa atlantica
Brassica fruticulosa,0,0,0,0,0,0,1,0,0,0,0,0,0,0,0,0,0,0,0,0,0,0,0
Convolvulus althaeoides,0,0,0,0,0,0,0,0,0,1,0,0,0,0,0,0,0,0,0,0,0,0,0
Daucus carota carota,4,0,0,0,1,0,0,1,0,0,2,0,1,3,8,3,0,1,0,0,1,3,0
Eryngium campestre,3,0,0,0,0,0,0,0,0,0,0,0,0,0,1,0,0,0,0,0,0,0,1
Psoralea bituminosa,0,0,0,0,0,0,0,2,0,0,0,0,0,0,0,0,0,0,0,0,0,0,0
Scabiosa stellata,1,3,1,1,0,1,0,0,2,0,0,0,0,0,0,3,0,0,1,0,0,0,0
Sonchus tenerrinus,4,4,0,0,0,0,0,1,1,0,1,1,0,0,0,1,3,0,0,1,0,1,0
Urospermum picrioides,6,0,0,0,0,0,0,0,0,1,0,0,0,0,1,1,0,0,0,0,0,0,0