,Adelidae,Amegilla femorata?,Andrena,Anthidium,Anthidium sticticum,Anthophora,Apis melifera,Bibionidae,Criptocephalus,Halictus,Ichneumonidae,Lasioglossum,Megaquile,Milichidae,Oedemera flavipes,Oedemera lurida,Polistes gallicum,Psilothrix,Ptinidae Bruchidae,Sphecodes
Aetheorrina bulbosa,0,0,3,0,0,0,0,0,1,0,0,0,0,0,2,1,0,2,1,0
Alyssum maritimum,0,0,0,0,1,0,0,0,0,0,0,0,0,0,1,0,0,0,0,0
Convolvulus althaeoides,0,0,0,0,0,0,0,0,0,0,0,0,0,0,0,1,0,0,1,0
Euphorbea segatalis,0,0,0,0,0,0,0,0,0,0,0,0,0,0,0,0,1,0,0,0
Lathirus clymenum,0,0,0,0,2,0,0,0,0,0,0,0,0,0,0,0,0,0,0,0
Lavandula stoechas,1,5,1,1,12,1,1,0,0,1,1,1,7,0,0,0,0,0,0,1
Sonchus tenerrinus,0,0,1,0,1,0,0,0,2,0,0,0,0,0,0,3,0,2,0,0
Thymelaea hirusta,0,0,1,0,1,0,2,2,0,0,0,0,0,1,0,0,2,0,0,0
Urospermum picrioides,0,0,0,0,0,0,0,0,0,0,0,0,0,0,1,1,0,0,0,0