,Eupeodes curtus,Phaonia spp.,Platycheirus spp.,Drymeia spp.,Melangyna arctica,Eupeodes nigroventris,Rhamphomyia spp.,Eupeodes lapponicus,Aedes spp.,Dolichopus spp.,Helophilus groenlandicus,Helophilus lapponicus,Platycheirus groenlandicus,Mycetophilidae,Scathophagidae,Chironomidae,Bombus polaris,Ichneumonidae,Psychophora sabini,Agriades glandon,Lycaena phlaeas,Sympistis nigrita,Boloria chariclea
Papaver radicatum,1,1,1,1,1,1,1,1,0,1,1,0,0,1,0,0,1,0,0,0,0,0,0
Dryas integrifolia,1,1,1,1,0,0,1,0,1,0,0,0,0,0,0,0,0,1,0,0,1,1,1
Stellaria longipes,1,0,0,0,0,1,0,0,0,0,0,0,0,0,0,0,1,0,0,0,0,0,0
Salix arctica ,1,1,0,0,1,0,0,0,1,0,0,0,1,0,1,1,0,0,0,1,0,0,0
Saxifraga tricuspidata,1,0,0,0,0,0,0,0,0,0,0,0,0,0,0,0,0,0,0,0,0,0,0
Cerastium alpinum,1,1,0,0,0,0,0,0,0,0,0,0,0,0,0,0,0,0,0,0,0,0,0
Draba lactea,0,0,1,0,0,0,0,0,0,0,0,0,0,0,0,0,0,0,0,0,0,0,0
Saxifraga nivalis,0,0,0,0,0,1,0,0,0,0,0,0,0,0,0,0,0,0,0,0,0,0,0
