,Agromyzidae sp. 1,Alliophleps elliptica,Amegilla quadrifasciata,Anaspis proteus,Andrena vulcana,Andrena wollastoni,Anthophora alluaudi,Apis mellifera,Atherigona varia,Attalus obscurus,Camponotus feae,Chloropidae sp. 2,Chrysomya albiceps,Coccinella miranda,Dinarmoides spilopterus,Hylaeus hohmanni,Lasioglossum loetum,Lasioglossum viride,Lucilia sericata,Musca domestica,Oscinella sp. 1,Osmia canaria,Osmia latreillei,Phthiria simonyi,Pieris rapae,Plagiolepis sp. 2,Sarcophagidae sp. 5,Scaeva albomaculata,Stenoselma sp.,Thomisus cf. onustus,Thysanoptera sp. 1,Thysanoptera sp. 2,Thysanoptera sp. 3,Tropinota squalida,Urelliosoma guimari
Euphorbia balsamifera,0,0,0,3,0,1,0,1,1,1,105,3,1,0,0,0,1,0,0,2,6,0,0,0,0,0,0,0,1,0,70,0,1,0,0
Euphorbia regis-jubae,1,0,0,4,0,0,0,0,0,0,28,0,0,0,0,4,0,1,0,0,0,0,0,0,0,0,1,1,0,0,0,0,0,0,0
Fagonia albiflora,0,0,0,0,1,0,0,0,0,2,1,0,0,0,0,0,1,0,0,0,0,0,0,0,0,0,0,0,0,0,0,9,0,0,0
Launaea arborescens,0,1,0,10,0,0,0,1,0,4,0,0,0,0,1,0,0,4,0,0,0,0,2,0,3,0,0,0,0,0,0,0,0,1,2
Lavendula minutolii,0,0,0,0,0,0,6,0,0,0,0,0,0,0,0,0,0,0,0,0,0,0,0,0,0,0,0,0,0,0,0,0,0,0,0
Lotus spartioides,0,0,0,0,0,0,0,0,0,0,0,0,0,0,0,0,0,0,0,0,0,2,0,0,0,0,0,0,0,0,0,0,0,0,0
Lycium intricatum,0,0,1,0,0,0,9,0,0,0,1,0,0,0,0,0,0,5,0,0,0,0,0,0,1,1,0,0,0,0,0,0,0,0,0
Plocama pendula,0,0,0,0,0,0,0,3,0,0,10,0,0,0,1,0,4,3,0,0,0,0,0,1,0,0,0,0,0,1,0,0,0,0,0
Rubia fruticosa,0,0,0,0,0,0,0,0,0,2,32,0,0,1,0,0,0,0,3,3,0,0,0,0,0,0,0,0,0,0,0,0,0,0,0