,Anthophora alluaudi,Camponotus feae,Ceratogoponidae sp. 2,Chalicodoma canescens,Chironomidae sp. 1,Chloropidae sp. 3,Colias croceus,Colletes dimidiatus,Dasytes subaenescens,Delia flavibasis,Dilophus hiemalis,Empididae sp. 1,Eristalinus taeniops,Estheria simonyi,Eucera gracilipes,Eumerus latitarsis,Lasioglossum arctifrons,Lasioglossum loetum,Lasioglossum viride,Linnaemyia soror,Lucilia sericata,Megachile canariensis,Myathropa florea,Mycetophilidae sp. 1,Osmia canaria,Perilampus sp. 2,Scaeva albomaculata,Sciaridae sp. 1,Tachina canariensis,Thaumatomyia notata,Thomisus cf. onustus,Thysanoptera sp. 1,Thysanoptera sp. 2
Asphaltklee bituminosa,2,1,0,0,0,0,1,0,1,0,0,0,0,1,3,1,0,0,0,0,0,0,0,0,0,0,0,0,0,0,0,0,0
Ceballosia fruticosa,0,8,0,0,0,0,0,0,0,0,0,0,0,0,0,0,0,0,0,0,0,0,0,0,0,0,0,0,0,0,0,0,0
Euphorbia balsamifera,0,72,0,0,1,2,0,0,0,0,1,1,0,0,0,0,0,9,3,0,0,0,0,0,0,0,0,0,0,0,1,18,0
Euphorbia lamarckii,2,29,1,0,2,2,0,2,1,0,2,0,1,9,4,1,0,5,2,1,1,0,1,2,0,1,1,0,2,0,0,0,0
Lotus glaucus,0,0,0,1,0,0,0,0,0,0,0,0,0,0,0,0,1,0,1,0,0,1,0,0,1,0,0,1,0,0,0,0,4
Periploca laevigata,0,28,0,0,0,0,0,0,0,1,0,0,0,0,0,0,0,0,0,0,1,0,0,0,0,0,0,0,0,1,0,0,0
Rubia fruticosa,0,4,0,0,0,0,0,0,0,0,0,0,0,0,0,0,0,0,0,0,0,0,1,0,0,0,0,0,0,0,0,0,0