,Anaspis proteus,Anthophora alluaudi,Aphthona wachnitzae,Araneae sp. 1,Attagenus abbreviatus,Attalus olivensis,Aulacoderus canariensis,Campiglossa martii,Camponotus cfr. feae,Camponotus feae,Cecidomyiidae sp.,Cephalodromia sp.,Chetogena acuminata,Chloropidae sp. 2,Chrysomya albiceps,Dasytes lanzarotensis,Dischistus atlanticus,Eurytoma sp. 2,Lasioglossum loetum,Lucilia sericata,Milichiidae sp.,Musca osiris,Nyctia lugubris,Paragus tibialis,Phyto nigrobarbata,Plagiolepis schmitzii,Proconura sp. 2,Pteromalus sp. 2,Sarcophagidae sp. 4,Sarcophagidae sp. 5,Sarcophagidae sp. 6,Scaptomyza sp. 2,Sciaridae sp.,Tachyagetes aemulans,Tetramesa sp.,Thysanoptera sp. 1,Thysanoptera sp. 2,Thysanoptera sp. 4,Urelliosoma guimari
Euphorbia balsamifera,0,0,10,1,0,5,14,0,0,0,1,0,0,1,1,0,0,0,0,4,1,1,1,0,1,98,0,0,0,18,0,1,6,1,0,21,0,0,0
Helianthemum canariensis,0,0,0,0,0,0,0,0,0,0,0,0,0,0,0,0,1,0,0,0,0,0,0,0,0,0,0,0,2,0,0,0,0,0,0,0,6,0,0
Launaea arborescens,2,1,1,0,1,3,4,2,2,0,0,1,0,0,0,6,1,1,1,6,0,0,0,1,0,12,1,7,0,0,1,0,3,0,0,0,2,0,2
Lycium intricatum,0,5,0,0,0,0,0,0,1,1,0,0,0,0,0,0,0,0,0,0,0,0,0,0,0,0,0,0,0,0,0,0,0,0,0,1,1,1,0
Phagnalon purpurascens,0,0,0,0,0,0,0,0,0,0,0,0,0,0,0,0,0,0,0,0,0,0,0,0,0,0,0,0,0,0,0,0,0,0,1,0,0,0,0
Salvia aegyptiaca,0,1,0,0,0,0,0,0,0,0,0,0,1,0,0,0,0,0,0,0,0,0,0,0,0,0,0,0,2,0,0,0,0,0,0,0,0,0,0