,Thomisidae,Salpingidae,Anthaxia sp.,Nitidulidae,Staphilinidae,Melyridae,Curculionidae,Coleoptera,Melyridae,Asilidae,Phthiria sp.,"Sapromyza fulvicornis, Minettia semifulva",Trichophthalma amoena,Trichophthalma jaffueli,"Allograpta hortensis, Toxomerus vertebratus",Platycheirus (Carposcalis) sp.,Ocyptamus melanorrhinus,Syrphus octomaculatus,Tabanidae,Diptera,Heteroptera,Bombus dahlbomii,Bombus ruderatus,Manuelia gayi,Braconidae,Colletes seminitidus,Policana albopilosa,Caenohalictus sp.,Chilicola sp.,Ruizantheda mutabilis,Ruizantheda nigrocaerulea,Tinnidae,Vespula germanica,Hymenoptera,Hesperiidae
Alstroemeria aurea,1,0,24,2,6,3,0,0,0,1,0,9,0,55,0,0,8,14,1,0,1,123,48,65,0,0,0,0,2,9,0,2,1,1,1
Aristotelia chilensis,0,0,0,0,0,0,0,0,0,0,0,0,0,0,0,0,0,0,0,0,0,0,0,0,2,0,26,0,0,19,0,0,0,0,0
Berberis darwinii,0,0,0,0,0,0,3,0,0,0,0,0,48,0,6,0,0,0,0,0,0,111,0,1,0,7,0,34,0,9,0,0,0,0,0
Mutisia decurrens,0,0,2,0,0,0,0,0,0,0,1,1,0,0,0,0,1,0,0,0,0,14,0,5,0,0,0,0,0,0,0,0,2,0,0
Rosa eglanteria,0,0,0,1,0,0,0,0,2,0,0,8,0,0,0,2,0,1,0,0,0,0,0,0,0,0,0,0,0,2,2,0,0,0,0
Ribes magellanicum,0,0,0,4,0,0,0,0,0,0,0,0,0,0,0,0,0,0,0,0,0,0,0,0,0,0,0,0,0,0,0,0,0,0,0
Schinus patagonicus,0,2,0,0,0,0,0,9,0,0,0,0,0,0,0,0,0,0,0,2,0,0,0,0,0,0,0,0,0,0,0,0,0,0,0
Vicia nigricans,0,0,0,0,0,0,0,0,0,0,0,0,0,0,0,0,0,0,0,0,0,15,0,0,0,0,0,0,0,0,0,0,0,0,0
